{
  "model": "KaleidoNet",
  "dataset": "cifar10",
  "seed": 3,
  "steps": 5000,
  "params": {
    "total_params": 5473382,
    "active_params": 2166390,
    "dormant_params": 3306992,
    "active_fraction": 0.3958046414447228
  },
  "flops_budget": 118634880,
  "dense_flops": 680232960,
  "init_active_flops": 237269760,
  "active_flops": 130141440,
  "val_loss": 1.0640865041732788,
  "val_accuracy": 0.6211,
  "val_avg_blocks": 4.0
}