{
  "model": "LinearSchedule",
  "dataset": "cifar10",
  "seed": 2,
  "steps": 5000,
  "target_sparsity": 0.7,
  "params": {
    "total_params": 5473382,
    "active_params": 2166390,
    "dormant_params": 3306992,
    "active_fraction": 0.3958046414447228
  },
  "dense_flops": 680232960,
  "active_flops": 130141440,
  "val_loss": 1.065251569366455,
  "val_accuracy": 0.6182
}