{
  "model": "LinearSchedule",
  "dataset": "cifar100",
  "seed": 3,
  "steps": 5000,
  "target_sparsity": 0.7,
  "params": {
    "total_params": 5490752,
    "active_params": 2183760,
    "dormant_params": 3306992,
    "active_fraction": 0.3977160141270267
  },
  "dense_flops": 682444800,
  "active_flops": 132387840,
  "val_loss": 2.6983599155426026,
  "val_accuracy": 0.3127
}