{
  "kaleidonet": {
    "n_seeds": 3,
    "seeds": [
      1,
      2,
      3
    ],
    "val_acc": {
      "mean": 31.213333333333335,
      "std": 0.367468819538928,
      "min": 30.79,
      "max": 31.45,
      "n": 3
    },
    "active_flops_M": {
      "mean": 132.38784,
      "std": 0.0,
      "min": 132.38784,
      "max": 132.38784,
      "n": 3
    }
  },
  "dense_vit": {
    "n_seeds": 3,
    "seeds": [
      1,
      2,
      3
    ],
    "val_acc": {
      "mean": 36.07,
      "std": 0.5909314681077631,
      "min": 35.410000000000004,
      "max": 36.55,
      "n": 3
    },
    "flops_per_sample_M": {
      "mean": 236.73364,
      "std": 0.0,
      "min": 236.73364,
      "max": 236.73364,
      "n": 3
    }
  }
}