{
  "kaleidonet": {
    "n_seeds": 3,
    "seeds": [
      1,
      2,
      3
    ],
    "val_acc": {
      "mean": 16.853333333333335,
      "std": 0.23180451534284993,
      "min": 16.64,
      "max": 17.1,
      "n": 3
    },
    "active_flops_M": {
      "mean": 134.88384,
      "std": 0.0,
      "min": 134.88384,
      "max": 134.88384,
      "n": 3
    }
  },
  "dense_vit": {
    "n_seeds": 3,
    "seeds": [
      1,
      2,
      3
    ],
    "val_acc": {
      "mean": 19.786666666666665,
      "std": 0.29955522584881195,
      "min": 19.54,
      "max": 20.119999999999997,
      "n": 3
    },
    "flops_per_sample_M": {
      "mean": 242.83687999999998,
      "std": 3.4809342861069267e-14,
      "min": 242.83688,
      "max": 242.83688,
      "n": 3
    }
  }
}