{
  "model": "RandomPruning",
  "dataset": "tiny_imagenet",
  "seed": 1,
  "steps": 5000,
  "target_sparsity": 0.7,
  "params": {
    "total_params": 5537700,
    "active_params": 2215316,
    "dormant_params": 3322384,
    "active_fraction": 0.4000426169709446
  },
  "dense_flops": 684957696,
  "active_flops": 134384640,
  "val_loss": 3.82494121131897,
  "val_accuracy": 0.1695
}