{
  "model": "RandomPruning",
  "dataset": "cifar100",
  "seed": 3,
  "steps": 5000,
  "target_sparsity": 0.7,
  "params": {
    "total_params": 5490752,
    "active_params": 2168368,
    "dormant_params": 3322384,
    "active_fraction": 0.39491275511988155
  },
  "dense_flops": 682444800,
  "active_flops": 131888640,
  "val_loss": 2.679805254364014,
  "val_accuracy": 0.3157
}