{
  "model": "LagrangianStrengthened",
  "variant": "augmented",
  "dataset": "cifar10",
  "seed": 1,
  "steps": 50000,
  "target_flops_ratio": 0.5,
  "target_flops": 340116480,
  "lambda_init": 0.01,
  "lambda_lr": 0.01,
  "augmented_mu": 0.1,
  "flops_grad_scale": 3.0,
  "final_lambda_max": 0.17260658740997314,
  "final_lambda_mean": 0.061724692583084106,
  "final_lambda_shape": [
    4,
    4
  ],
  "params": {
    "total_params": 5473382,
    "active_params": 3532532,
    "dormant_params": 1940850,
    "active_fraction": 0.6454020567174007
  },
  "dense_flops": 680232960,
  "init_active_flops": 237269760,
  "active_flops": 177265920,
  "val_loss": 1.801301778793335,
  "val_accuracy": 0.3315
}