{
  "model": "LagrangianStrengthened",
  "variant": "augmented",
  "dataset": "cifar100",
  "seed": 1,
  "steps": 50000,
  "target_flops_ratio": 0.5,
  "target_flops": 341222400,
  "lambda_init": 0.01,
  "lambda_lr": 0.01,
  "augmented_mu": 0.1,
  "flops_grad_scale": 3.0,
  "final_lambda_max": 0.14256614446640015,
  "final_lambda_mean": 0.054399728775024414,
  "final_lambda_shape": [
    4,
    4
  ],
  "params": {
    "total_params": 5490752,
    "active_params": 3568856,
    "dormant_params": 1921896,
    "active_fraction": 0.6499758138775891
  },
  "dense_flops": 682444800,
  "init_active_flops": 239516160,
  "active_flops": 178488960,
  "val_loss": 3.9239089488983154,
  "val_accuracy": 0.1014
}