{
  "model": "LagrangianStrengthened",
  "variant": "augmented",
  "dataset": "cifar100",
  "seed": 2,
  "steps": 50000,
  "target_flops_ratio": 0.5,
  "target_flops": 341222400,
  "lambda_init": 0.01,
  "lambda_lr": 0.01,
  "augmented_mu": 0.1,
  "flops_grad_scale": 3.0,
  "final_lambda_max": 0.16019709408283234,
  "final_lambda_mean": 0.0568118654191494,
  "final_lambda_shape": [
    4,
    4
  ],
  "params": {
    "total_params": 5490752,
    "active_params": 3575406,
    "dormant_params": 1915346,
    "active_fraction": 0.651168728800718
  },
  "dense_flops": 682444800,
  "init_active_flops": 239516160,
  "active_flops": 179137920,
  "val_loss": 3.925600477218628,
  "val_accuracy": 0.0989
}