{
  "model": "LagrangianStrengthened",
  "variant": "augmented",
  "dataset": "cifar10",
  "seed": 2,
  "steps": 50000,
  "target_flops_ratio": 0.5,
  "target_flops": 340116480,
  "lambda_init": 0.01,
  "lambda_lr": 0.01,
  "augmented_mu": 0.1,
  "flops_grad_scale": 3.0,
  "final_lambda_max": 0.1716233789920807,
  "final_lambda_mean": 0.06928656250238419,
  "final_lambda_shape": [
    4,
    4
  ],
  "params": {
    "total_params": 5473382,
    "active_params": 3479785,
    "dormant_params": 1993597,
    "active_fraction": 0.6357650534897802
  },
  "dense_flops": 680232960,
  "init_active_flops": 237269760,
  "active_flops": 175044480,
  "val_loss": 1.7199121421813965,
  "val_accuracy": 0.3635
}