{
  "model": "HardConcretePruning",
  "dataset": "cifar10",
  "seed": 1,
  "steps": 50000,
  "l0_weight": 0.0001,
  "params": {
    "total_params": 5473382,
    "active_params": 743275,
    "dormant_params": 4730107,
    "active_fraction": 0.1357981226232702
  },
  "dense_flops": 680232960,
  "init_active_flops": 237269760,
  "active_flops": 83915520,
  "val_loss": 1.6897034410476686,
  "val_accuracy": 0.379
}