{
  "model": "LagrangianStrengthened",
  "variant": "per_layer",
  "dataset": "cifar100",
  "seed": 3,
  "steps": 50000,
  "target_flops_ratio": 0.5,
  "target_flops": 341222400,
  "lambda_init": 0.01,
  "lambda_lr": 0.01,
  "augmented_mu": 0.1,
  "flops_grad_scale": 3.0,
  "final_lambda_max": 0.07606002688407898,
  "final_lambda_mean": 0.020129414275288582,
  "final_lambda_shape": [
    32
  ],
  "params": {
    "total_params": 5490752,
    "active_params": 2830057,
    "dormant_params": 2660695,
    "active_fraction": 0.5154224776496917
  },
  "dense_flops": 682444800,
  "init_active_flops": 239516160,
  "active_flops": 152256000,
  "val_loss": 3.9415252059936523,
  "val_accuracy": 0.0971
}