{
  "model": "LagrangianStrengthened",
  "variant": "per_layer",
  "dataset": "cifar10",
  "seed": 2,
  "steps": 50000,
  "target_flops_ratio": 0.5,
  "target_flops": 340116480,
  "lambda_init": 0.01,
  "lambda_lr": 0.01,
  "augmented_mu": 0.1,
  "flops_grad_scale": 3.0,
  "final_lambda_max": 0.10611049085855484,
  "final_lambda_mean": 0.028004692867398262,
  "final_lambda_shape": [
    32
  ],
  "params": {
    "total_params": 5473382,
    "active_params": 2806357,
    "dormant_params": 2667025,
    "active_fraction": 0.5127281450481622
  },
  "dense_flops": 680232960,
  "init_active_flops": 237269760,
  "active_flops": 151332480,
  "val_loss": 1.7927765716552735,
  "val_accuracy": 0.3466
}