{
  "model": "LagrangianStrengthened",
  "variant": "per_expert",
  "dataset": "cifar100",
  "seed": 1,
  "steps": 50000,
  "target_flops_ratio": 0.5,
  "target_flops": 341222400,
  "lambda_init": 0.01,
  "lambda_lr": 0.01,
  "augmented_mu": 0.1,
  "flops_grad_scale": 3.0,
  "final_lambda_max": 0.12648990750312805,
  "final_lambda_mean": 0.03937631845474243,
  "final_lambda_shape": [
    4,
    4
  ],
  "params": {
    "total_params": 5490752,
    "active_params": 3555596,
    "dormant_params": 1935156,
    "active_fraction": 0.6475608441248121
  },
  "dense_flops": 682444800,
  "init_active_flops": 239516160,
  "active_flops": 178014720,
  "val_loss": 3.8964804443359373,
  "val_accuracy": 0.1037
}