{
  "model": "LagrangianStrengthened",
  "variant": "per_expert",
  "dataset": "cifar100",
  "seed": 2,
  "steps": 50000,
  "target_flops_ratio": 0.5,
  "target_flops": 341222400,
  "lambda_init": 0.01,
  "lambda_lr": 0.01,
  "augmented_mu": 0.1,
  "flops_grad_scale": 3.0,
  "final_lambda_max": 0.15576469898223877,
  "final_lambda_mean": 0.04378867894411087,
  "final_lambda_shape": [
    4,
    4
  ],
  "params": {
    "total_params": 5490752,
    "active_params": 3550397,
    "dormant_params": 1940355,
    "active_fraction": 0.6466139792873544
  },
  "dense_flops": 682444800,
  "init_active_flops": 239516160,
  "active_flops": 178064640,
  "val_loss": 3.9294016891479493,
  "val_accuracy": 0.099
}