{
  "model": "LagrangianStrengthened",
  "variant": "per_layer",
  "dataset": "cifar100",
  "seed": 2,
  "steps": 50000,
  "target_flops_ratio": 0.5,
  "target_flops": 341222400,
  "lambda_init": 0.01,
  "lambda_lr": 0.01,
  "augmented_mu": 0.1,
  "flops_grad_scale": 3.0,
  "final_lambda_max": 0.09997376799583435,
  "final_lambda_mean": 0.023113621398806572,
  "final_lambda_shape": [
    32
  ],
  "params": {
    "total_params": 5490752,
    "active_params": 2834309,
    "dormant_params": 2656443,
    "active_fraction": 0.516196870665439
  },
  "dense_flops": 682444800,
  "init_active_flops": 239516160,
  "active_flops": 153803520,
  "val_loss": 3.9834423835754396,
  "val_accuracy": 0.0836
}