{
  "model": "LagrangianStrengthened",
  "variant": "per_layer",
  "dataset": "cifar100",
  "seed": 1,
  "steps": 50000,
  "target_flops_ratio": 0.5,
  "target_flops": 341222400,
  "lambda_init": 0.01,
  "lambda_lr": 0.01,
  "augmented_mu": 0.1,
  "flops_grad_scale": 3.0,
  "final_lambda_max": 0.07740117609500885,
  "final_lambda_mean": 0.020731884986162186,
  "final_lambda_shape": [
    32
  ],
  "params": {
    "total_params": 5490752,
    "active_params": 2834324,
    "dormant_params": 2656428,
    "active_fraction": 0.5161996025316751
  },
  "dense_flops": 682444800,
  "init_active_flops": 239516160,
  "active_flops": 152505600,
  "val_loss": 3.9481919384002686,
  "val_accuracy": 0.1005
}