{
  "model": "LagrangianStrengthened",
  "variant": "rescaled",
  "dataset": "cifar10",
  "seed": 2,
  "steps": 50000,
  "target_flops_ratio": 0.5,
  "target_flops": 340116480,
  "lambda_init": 0.01,
  "lambda_lr": 0.01,
  "augmented_mu": 0.1,
  "flops_grad_scale": 3.0,
  "final_lambda_max": 0.05463765561580658,
  "final_lambda_mean": 0.010625001043081284,
  "final_lambda_shape": [
    4,
    4
  ],
  "params": {
    "total_params": 5473382,
    "active_params": 3518428,
    "dormant_params": 1954954,
    "active_fraction": 0.642825222138707
  },
  "dense_flops": 680232960,
  "init_active_flops": 237269760,
  "active_flops": 177116160,
  "val_loss": 1.7372677396774292,
  "val_accuracy": 0.3619
}