{
  "model": "LagrangianStrengthened",
  "variant": "rescaled",
  "dataset": "cifar100",
  "seed": 1,
  "steps": 50000,
  "target_flops_ratio": 0.5,
  "target_flops": 341222400,
  "lambda_init": 0.01,
  "lambda_lr": 0.01,
  "augmented_mu": 0.1,
  "flops_grad_scale": 3.0,
  "final_lambda_max": 0.03298728168010712,
  "final_lambda_mean": 0.007984323427081108,
  "final_lambda_shape": [
    4,
    4
  ],
  "params": {
    "total_params": 5490752,
    "active_params": 3596136,
    "dormant_params": 1894616,
    "active_fraction": 0.6549441679391093
  },
  "dense_flops": 682444800,
  "init_active_flops": 239516160,
  "active_flops": 179537280,
  "val_loss": 3.9395744853973387,
  "val_accuracy": 0.0967
}