{
  "model": "LagrangianStrengthened",
  "variant": "rescaled",
  "dataset": "cifar100",
  "seed": 3,
  "steps": 50000,
  "target_flops_ratio": 0.5,
  "target_flops": 341222400,
  "lambda_init": 0.01,
  "lambda_lr": 0.01,
  "augmented_mu": 0.1,
  "flops_grad_scale": 3.0,
  "final_lambda_max": 0.03199518099427223,
  "final_lambda_mean": 0.007814341224730015,
  "final_lambda_shape": [
    4,
    4
  ],
  "params": {
    "total_params": 5490752,
    "active_params": 3532954,
    "dormant_params": 1957798,
    "active_fraction": 0.6434371831035166
  },
  "dense_flops": 682444800,
  "init_active_flops": 239516160,
  "active_flops": 177191040,
  "val_loss": 3.9016203720092775,
  "val_accuracy": 0.0999
}