{
  "model": "LagrangianStrengthened",
  "variant": "rescaled",
  "dataset": "cifar100",
  "seed": 2,
  "steps": 50000,
  "target_flops_ratio": 0.5,
  "target_flops": 341222400,
  "lambda_init": 0.01,
  "lambda_lr": 0.01,
  "augmented_mu": 0.1,
  "flops_grad_scale": 3.0,
  "final_lambda_max": 0.04570889472961426,
  "final_lambda_mean": 0.009321833029389381,
  "final_lambda_shape": [
    4,
    4
  ],
  "params": {
    "total_params": 5490752,
    "active_params": 3586335,
    "dormant_params": 1904417,
    "active_fraction": 0.6531591665403937
  },
  "dense_flops": 682444800,
  "init_active_flops": 239516160,
  "active_flops": 179462400,
  "val_loss": 3.9440603244781496,
  "val_accuracy": 0.0947
}