{
  "model": "LinearSchedule",
  "dataset": "tiny_imagenet",
  "seed": 3,
  "steps": 5000,
  "target_sparsity": 0.7,
  "params": {
    "total_params": 5537700,
    "active_params": 2230708,
    "dormant_params": 3306992,
    "active_fraction": 0.4028221102623833
  },
  "dense_flops": 684957696,
  "active_flops": 134883840,
  "val_loss": 3.827078815460205,
  "val_accuracy": 0.171
}