{
  "model": "MagnitudePruning",
  "dataset": "stl10",
  "seed": 2,
  "steps": 5000,
  "finetune_steps": 1000,
  "target_sparsity": 0.7,
  "params": {
    "total_params": 5516390,
    "active_params": 2194006,
    "dormant_params": 3322384,
    "active_fraction": 0.39772496143311115
  },
  "dense_flops": 1530556416,
  "active_flops": 307019520,
  "pre_prune_acc": 0.621625,
  "post_prune_acc": 0.574375,
  "val_loss": 1.0975818238258361,
  "val_accuracy": 0.60875
}