{
  "model": "MagnitudePruning",
  "dataset": "cifar100",
  "seed": 2,
  "steps": 5000,
  "finetune_steps": 1000,
  "target_sparsity": 0.7,
  "params": {
    "total_params": 5490752,
    "active_params": 2168368,
    "dormant_params": 3322384,
    "active_fraction": 0.39491275511988155
  },
  "dense_flops": 682444800,
  "active_flops": 131888640,
  "pre_prune_acc": 0.3273,
  "post_prune_acc": 0.267,
  "val_loss": 2.6869492073059082,
  "val_accuracy": 0.3138
}