{
  "model": "MagnitudePruning",
  "dataset": "tiny_imagenet",
  "seed": 2,
  "steps": 5000,
  "finetune_steps": 1000,
  "target_sparsity": 0.7,
  "params": {
    "total_params": 5537700,
    "active_params": 2215316,
    "dormant_params": 3322384,
    "active_fraction": 0.4000426169709446
  },
  "dense_flops": 684957696,
  "active_flops": 134384640,
  "pre_prune_acc": 0.1757,
  "post_prune_acc": 0.1488,
  "val_loss": 3.8192735904693604,
  "val_accuracy": 0.1726
}