{
  "model": "LagrangianStrengthened",
  "variant": "per_expert",
  "dataset": "cifar10",
  "seed": 2,
  "steps": 50000,
  "target_flops_ratio": 0.5,
  "target_flops": 340116480,
  "lambda_init": 0.01,
  "lambda_lr": 0.01,
  "augmented_mu": 0.1,
  "flops_grad_scale": 3.0,
  "final_lambda_max": 0.17095023393630981,
  "final_lambda_mean": 0.05861285328865051,
  "final_lambda_shape": [
    4,
    4
  ],
  "params": {
    "total_params": 5473382,
    "active_params": 3473657,
    "dormant_params": 1999725,
    "active_fraction": 0.6346454532133879
  },
  "dense_flops": 680232960,
  "init_active_flops": 237269760,
  "active_flops": 174595200,
  "val_loss": 1.716599480819702,
  "val_accuracy": 0.3674
}