{
  "model": "RandomPruning",
  "dataset": "stl10",
  "seed": 3,
  "steps": 5000,
  "target_sparsity": 0.7,
  "params": {
    "total_params": 5516390,
    "active_params": 2194006,
    "dormant_params": 3322384,
    "active_fraction": 0.39772496143311115
  },
  "dense_flops": 1530556416,
  "active_flops": 307019520,
  "val_loss": 1.05848188829422,
  "val_accuracy": 0.624375
}