{
  "model": "KaleidoNet",
  "dataset": "cifar100",
  "seed": 1,
  "steps": 50000,
  "target_sparsity": 0.7,
  "mask_lr_scale": 3.0,
  "t0": 500,
  "t1": 4000,
  "params": {
    "total_params": 5490752,
    "active_params": 2183760,
    "dormant_params": 3306992,
    "active_fraction": 0.3977160141270267
  },
  "dense_flops": 682444800,
  "active_flops": 132387840,
  "val_accuracy": 0.5741,
  "val_loss": 1.574001526927948
}