{
  "model": "KaleidoNet",
  "dataset": "cifar10",
  "seed": 1,
  "steps": 50000,
  "target_sparsity": 0.55,
  "mask_lr_scale": 3.0,
  "t0": 5000,
  "t1": 40000,
  "params": {
    "total_params": 5473382,
    "active_params": 2878326,
    "dormant_params": 2595056,
    "active_fraction": 0.5258770537119463
  },
  "dense_flops": 680232960,
  "active_flops": 153204480,
  "val_accuracy": 0.8273,
  "val_loss": 0.5283131254196167
}