{
  "model": "KaleidoNet",
  "dataset": "cifar100",
  "seed": 2,
  "steps": 50000,
  "target_sparsity": 0.39,
  "mask_lr_scale": 3.0,
  "t0": 5000,
  "t1": 40000,
  "params": {
    "total_params": 5490752,
    "active_params": 3656944,
    "dormant_params": 1833808,
    "active_fraction": 0.6660187894117235
  },
  "dense_flops": 682444800,
  "active_flops": 180111360,
  "val_accuracy": 0.5972,
  "val_loss": 1.530108083820343
}